{
  "hash": "4a684c6b",
  "configHash": "dd7bb5cb",
  "lockfileHash": "9fb3f6f5",
  "browserHash": "3a4a6034",
  "optimized": {
    "@angular/animations": {
      "src": "../../../../../../node_modules/@angular/animations/fesm2022/animations.mjs",
      "file": "@angular_animations.js",
      "fileHash": "06b25eee",
      "needsInterop": false
    },
    "@angular/cdk/bidi": {
      "src": "../../../../../../node_modules/@angular/cdk/fesm2022/bidi.mjs",
      "file": "@angular_cdk_bidi.js",
      "fileHash": "68d873ea",
      "needsInterop": false
    },
    "@angular/cdk/scrolling": {
      "src": "../../../../../../node_modules/@angular/cdk/fesm2022/scrolling.mjs",
      "file": "@angular_cdk_scrolling.js",
      "fileHash": "a9b80a12",
      "needsInterop": false
    },
    "@angular/cdk/text-field": {
      "src": "../../../../../../node_modules/@angular/cdk/fesm2022/text-field.mjs",
      "file": "@angular_cdk_text-field.js",
      "fileHash": "b35bc978",
      "needsInterop": false
    },
    "@angular/common": {
      "src": "../../../../../../node_modules/@angular/common/fesm2022/common.mjs",
      "file": "@angular_common.js",
      "fileHash": "2e7881f3",
      "needsInterop": false
    },
    "@angular/common/http": {
      "src": "../../../../../../node_modules/@angular/common/fesm2022/http.mjs",
      "file": "@angular_common_http.js",
      "fileHash": "5d54a965",
      "needsInterop": false
    },
    "@angular/core": {
      "src": "../../../../../../node_modules/@angular/core/fesm2022/core.mjs",
      "file": "@angular_core.js",
      "fileHash": "d7948635",
      "needsInterop": false
    },
    "@angular/forms": {
      "src": "../../../../../../node_modules/@angular/forms/fesm2022/forms.mjs",
      "file": "@angular_forms.js",
      "fileHash": "950a8021",
      "needsInterop": false
    },
    "@angular/material/autocomplete": {
      "src": "../../../../../../node_modules/@angular/material/fesm2022/autocomplete.mjs",
      "file": "@angular_material_autocomplete.js",
      "fileHash": "33b87f02",
      "needsInterop": false
    },
    "@angular/material/card": {
      "src": "../../../../../../node_modules/@angular/material/fesm2022/card.mjs",
      "file": "@angular_material_card.js",
      "fileHash": "ec38bde1",
      "needsInterop": false
    },
    "@angular/material/icon": {
      "src": "../../../../../../node_modules/@angular/material/fesm2022/icon.mjs",
      "file": "@angular_material_icon.js",
      "fileHash": "0b3a1f69",
      "needsInterop": false
    },
    "@angular/material/input": {
      "src": "../../../../../../node_modules/@angular/material/fesm2022/input.mjs",
      "file": "@angular_material_input.js",
      "fileHash": "dd3e1274",
      "needsInterop": false
    },
    "@angular/platform-browser": {
      "src": "../../../../../../node_modules/@angular/platform-browser/fesm2022/platform-browser.mjs",
      "file": "@angular_platform-browser.js",
      "fileHash": "c71381c9",
      "needsInterop": false
    },
    "@angular/platform-browser/animations": {
      "src": "../../../../../../node_modules/@angular/platform-browser/fesm2022/animations.mjs",
      "file": "@angular_platform-browser_animations.js",
      "fileHash": "a317ee2d",
      "needsInterop": false
    },
    "@angular/router": {
      "src": "../../../../../../node_modules/@angular/router/fesm2022/router.mjs",
      "file": "@angular_router.js",
      "fileHash": "25c603a0",
      "needsInterop": false
    },
    "rxjs/operators": {
      "src": "../../../../../../node_modules/rxjs/dist/esm5/operators/index.js",
      "file": "rxjs_operators.js",
      "fileHash": "326dd928",
      "needsInterop": false
    },
    "@angular/material/grid-list": {
      "src": "../../../../../../node_modules/@angular/material/fesm2022/grid-list.mjs",
      "file": "@angular_material_grid-list.js",
      "fileHash": "4dc6560f",
      "needsInterop": false
    },
    "@angular/material/button": {
      "src": "../../../../../../node_modules/@angular/material/fesm2022/button.mjs",
      "file": "@angular_material_button.js",
      "fileHash": "387562a8",
      "needsInterop": false
    },
    "@angular/material/chips": {
      "src": "../../../../../../node_modules/@angular/material/fesm2022/chips.mjs",
      "file": "@angular_material_chips.js",
      "fileHash": "cc196a94",
      "needsInterop": false
    }
  },
  "chunks": {
    "chunk-NQFGDWPE": {
      "file": "chunk-NQFGDWPE.js"
    },
    "chunk-6YQ2L5EA": {
      "file": "chunk-6YQ2L5EA.js"
    },
    "chunk-V7DGIRUA": {
      "file": "chunk-V7DGIRUA.js"
    },
    "chunk-DA45ETMK": {
      "file": "chunk-DA45ETMK.js"
    },
    "chunk-UGE2ZQC6": {
      "file": "chunk-UGE2ZQC6.js"
    },
    "chunk-BYQ3Z2ZY": {
      "file": "chunk-BYQ3Z2ZY.js"
    },
    "chunk-ZI76QMKG": {
      "file": "chunk-ZI76QMKG.js"
    },
    "chunk-B2QT3VSB": {
      "file": "chunk-B2QT3VSB.js"
    },
    "chunk-GLZN5II7": {
      "file": "chunk-GLZN5II7.js"
    },
    "chunk-L4WTU6CX": {
      "file": "chunk-L4WTU6CX.js"
    },
    "chunk-YPROQWE6": {
      "file": "chunk-YPROQWE6.js"
    },
    "chunk-K6Y2ETZZ": {
      "file": "chunk-K6Y2ETZZ.js"
    },
    "chunk-5J5CYWMK": {
      "file": "chunk-5J5CYWMK.js"
    },
    "chunk-UWWAYFHK": {
      "file": "chunk-UWWAYFHK.js"
    },
    "chunk-PWKLBHPZ": {
      "file": "chunk-PWKLBHPZ.js"
    },
    "chunk-Q7FQSQDB": {
      "file": "chunk-Q7FQSQDB.js"
    },
    "chunk-4HCGROON": {
      "file": "chunk-4HCGROON.js"
    },
    "chunk-HPJYDMKJ": {
      "file": "chunk-HPJYDMKJ.js"
    },
    "chunk-AQG5HJU7": {
      "file": "chunk-AQG5HJU7.js"
    },
    "chunk-4P6QSISN": {
      "file": "chunk-4P6QSISN.js"
    },
    "chunk-NFUS723J": {
      "file": "chunk-NFUS723J.js"
    },
    "chunk-DID5HSUH": {
      "file": "chunk-DID5HSUH.js"
    }
  }
}