{
  "hash": "36eb0128",
  "configHash": "3869b2f3",
  "lockfileHash": "202d9491",
  "browserHash": "50a0c548",
  "optimized": {
    "@angular/animations": {
      "src": "../../../../../../node_modules/@angular/animations/fesm2022/animations.mjs",
      "file": "@angular_animations.js",
      "fileHash": "35d86ba9",
      "needsInterop": false
    },
    "@angular/cdk/bidi": {
      "src": "../../../../../../node_modules/@angular/cdk/fesm2022/bidi.mjs",
      "file": "@angular_cdk_bidi.js",
      "fileHash": "d4571877",
      "needsInterop": false
    },
    "@angular/cdk/text-field": {
      "src": "../../../../../../node_modules/@angular/cdk/fesm2022/text-field.mjs",
      "file": "@angular_cdk_text-field.js",
      "fileHash": "690f2922",
      "needsInterop": false
    },
    "@angular/common": {
      "src": "../../../../../../node_modules/@angular/common/fesm2022/common.mjs",
      "file": "@angular_common.js",
      "fileHash": "813d2583",
      "needsInterop": false
    },
    "@angular/common/http": {
      "src": "../../../../../../node_modules/@angular/common/fesm2022/http.mjs",
      "file": "@angular_common_http.js",
      "fileHash": "0a7e6833",
      "needsInterop": false
    },
    "@angular/core": {
      "src": "../../../../../../node_modules/@angular/core/fesm2022/core.mjs",
      "file": "@angular_core.js",
      "fileHash": "43b2261e",
      "needsInterop": false
    },
    "@angular/forms": {
      "src": "../../../../../../node_modules/@angular/forms/fesm2022/forms.mjs",
      "file": "@angular_forms.js",
      "fileHash": "9a4815fd",
      "needsInterop": false
    },
    "@angular/material/button": {
      "src": "../../../../../../node_modules/@angular/material/fesm2022/button.mjs",
      "file": "@angular_material_button.js",
      "fileHash": "76121600",
      "needsInterop": false
    },
    "@angular/material/card": {
      "src": "../../../../../../node_modules/@angular/material/fesm2022/card.mjs",
      "file": "@angular_material_card.js",
      "fileHash": "2f7bc9e8",
      "needsInterop": false
    },
    "@angular/material/dialog": {
      "src": "../../../../../../node_modules/@angular/material/fesm2022/dialog.mjs",
      "file": "@angular_material_dialog.js",
      "fileHash": "b7cae53d",
      "needsInterop": false
    },
    "@angular/material/divider": {
      "src": "../../../../../../node_modules/@angular/material/fesm2022/divider.mjs",
      "file": "@angular_material_divider.js",
      "fileHash": "b7e34b7d",
      "needsInterop": false
    },
    "@angular/material/form-field": {
      "src": "../../../../../../node_modules/@angular/material/fesm2022/form-field.mjs",
      "file": "@angular_material_form-field.js",
      "fileHash": "a7f248a4",
      "needsInterop": false
    },
    "@angular/material/grid-list": {
      "src": "../../../../../../node_modules/@angular/material/fesm2022/grid-list.mjs",
      "file": "@angular_material_grid-list.js",
      "fileHash": "35e77260",
      "needsInterop": false
    },
    "@angular/material/icon": {
      "src": "../../../../../../node_modules/@angular/material/fesm2022/icon.mjs",
      "file": "@angular_material_icon.js",
      "fileHash": "3059b7b2",
      "needsInterop": false
    },
    "@angular/material/input": {
      "src": "../../../../../../node_modules/@angular/material/fesm2022/input.mjs",
      "file": "@angular_material_input.js",
      "fileHash": "6de1a3b0",
      "needsInterop": false
    },
    "@angular/material/table": {
      "src": "../../../../../../node_modules/@angular/material/fesm2022/table.mjs",
      "file": "@angular_material_table.js",
      "fileHash": "4073a0c7",
      "needsInterop": false
    },
    "@angular/platform-browser": {
      "src": "../../../../../../node_modules/@angular/platform-browser/fesm2022/platform-browser.mjs",
      "file": "@angular_platform-browser.js",
      "fileHash": "c6fe83bd",
      "needsInterop": false
    },
    "@angular/platform-browser/animations": {
      "src": "../../../../../../node_modules/@angular/platform-browser/fesm2022/animations.mjs",
      "file": "@angular_platform-browser_animations.js",
      "fileHash": "5d134124",
      "needsInterop": false
    },
    "@angular/router": {
      "src": "../../../../../../node_modules/@angular/router/fesm2022/router.mjs",
      "file": "@angular_router.js",
      "fileHash": "1c47f10b",
      "needsInterop": false
    },
    "jwt-decode": {
      "src": "../../../../../../node_modules/jwt-decode/build/esm/index.js",
      "file": "jwt-decode.js",
      "fileHash": "bff53bdf",
      "needsInterop": false
    }
  },
  "chunks": {
    "chunk-LLLNEQMF": {
      "file": "chunk-LLLNEQMF.js"
    },
    "chunk-7OS5WLHX": {
      "file": "chunk-7OS5WLHX.js"
    },
    "chunk-YUEDNO36": {
      "file": "chunk-YUEDNO36.js"
    },
    "chunk-L632Q2DJ": {
      "file": "chunk-L632Q2DJ.js"
    },
    "chunk-XB4PXLEC": {
      "file": "chunk-XB4PXLEC.js"
    },
    "chunk-SZJPLAKF": {
      "file": "chunk-SZJPLAKF.js"
    },
    "chunk-YLSQJOID": {
      "file": "chunk-YLSQJOID.js"
    },
    "chunk-M42JABLG": {
      "file": "chunk-M42JABLG.js"
    },
    "chunk-G3ORYF4Z": {
      "file": "chunk-G3ORYF4Z.js"
    },
    "chunk-42FJBLFI": {
      "file": "chunk-42FJBLFI.js"
    },
    "chunk-2O4WY5GE": {
      "file": "chunk-2O4WY5GE.js"
    },
    "chunk-IBYU652R": {
      "file": "chunk-IBYU652R.js"
    },
    "chunk-SZR3F6NV": {
      "file": "chunk-SZR3F6NV.js"
    },
    "chunk-SJO2PR3F": {
      "file": "chunk-SJO2PR3F.js"
    },
    "chunk-AEHIZNJG": {
      "file": "chunk-AEHIZNJG.js"
    },
    "chunk-KF5NPBPA": {
      "file": "chunk-KF5NPBPA.js"
    },
    "chunk-D4PY5TE5": {
      "file": "chunk-D4PY5TE5.js"
    },
    "chunk-BY75YK3T": {
      "file": "chunk-BY75YK3T.js"
    },
    "chunk-WDMUDEB6": {
      "file": "chunk-WDMUDEB6.js"
    }
  }
}